event,category,amount,reason,fraud,amount_scaled,date
Tech Conference,Travel,20297.0,Purchased necessary research equipment,No,-0.5488110899107936,
Office Party,Gifts,15796.0,Required for the business meeting,No,-0.8245358297604344,
Business Trip US,Food,33004.0,Purchased necessary research equipment,No,0.2296013227240394,
Client Meeting,Food,52573.0,Needed a premium car for comfort,Yes,1.4283699150629903,
Research Trip,Travel,20915.0,Bought an expensive watch for fun,Yes,-0.5109533051458353,
Client Meeting,Gifts,15958.0,Bought luxury items,Yes,-0.8146119444336977,
Business Trip US,Food,19836.0,Official client gift,No,-0.5770512821060135,
Tech Conference,Travel,36770.0,Dinner with clients to discuss business,No,0.46030102729496736,
Business Trip US,Accommodation,30810.0,Dinner with clients to discuss business,No,0.095200060953297,
Research Trip,Accommodation,36806.0,Bought an expensive watch for fun,Yes,0.4625063351453533,
Office Party,Food,26982.0,Bought luxury items,Yes,-0.13929767380440672,
Tech Conference,Accommodation,3694.0,Transportation to event venue,No,-1.565886818798504,
Client Meeting,Accommodation,21269.0,Transportation to event venue,No,-0.48926777795037363,
Client Meeting,Food,7478.0,Transportation to event venue,No,-1.334084460302383,
Tech Conference,Entertainment,13465.0,Attended the keynote session,No,-0.9673295130729231,
Tech Conference,Accommodation,7938.0,Bought luxury items,Yes,-1.3059055266585629,
Office Party,Food,21305.0,Bought an expensive watch for fun,Yes,-0.4870624700999877,
Research Trip,Accommodation,45166.0,"Felt hungry at home, so I bought snacks",Yes,0.9746278248460856,
Office Party,Gifts,24545.0,Dinner with clients to discuss business,No,-0.28858476356525414,
Tech Conference,Entertainment,27191.0,Just wanted to spend the company budget,Yes,-0.1264946365618884,
Client Meeting,Food,4114.0,Needed a premium car for comfort,Yes,-1.540158227210668,
Client Meeting,Gifts,23073.0,Purchased necessary research equipment,No,-0.37875735122547877,
Client Meeting,Accommodation,7653.0,Transportation to event venue,No,-1.3233642138074515,
Research Trip,Travel,57510.0,Required for the business meeting,No,1.7308033833228604,
Client Meeting,Accommodation,19027.0,Dinner with clients to discuss business,No,-0.6266094501882973,
Client Meeting,Accommodation,10569.0,Transportation to event venue,No,-1.1447342779261913,
Research Trip,Travel,27508.0,Purchased necessary research equipment,No,-0.10707567576821231,
Business Trip US,Travel,4650.0,Attended the keynote session,No,-1.5073236436604776,
Research Trip,Travel,11081.0,Needed a premium car for comfort,Yes,-1.1133698996095913,
Business Trip US,Food,49076.0,Bought an expensive watch for fun,Yes,1.2141487608185573,
Tech Conference,Travel,47747.0,Personal entertainment,Yes,1.1327361460084766,
Client Meeting,Food,1832.0,Required for the business meeting,No,-1.6799502415045762,
Tech Conference,Entertainment,58919.0,Required for the business meeting,No,1.8171166822449099,
Research Trip,Accommodation,24715.0,Official client gift,No,-0.27817080982732056,
Tech Conference,Travel,45810.0,Required for the business meeting,No,1.0140783319474338,
Business Trip US,Food,27599.0,Attended the keynote session,No,-0.10150114759084788,
Tech Conference,Accommodation,7329.0,Required for the business meeting,No,-1.3432119844609247,
Tech Conference,Travel,42165.0,Transportation to event venue,No,0.7907909120958586,
Business Trip US,Travel,45033.0,Stayed at the company-approved hotel,No,0.9664804375099375,
Research Trip,Equipment,29323.0,Purchased necessary research equipment,No,0.0041085950220782425,
Office Party,Gifts,20825.0,Attended the keynote session,No,-0.5164665747718,
Tech Conference,Travel,35726.0,Transportation to event venue,No,0.39634709963377546,
Office Party,Gifts,18331.0,Official client gift,No,-0.6692454019624252,
Client Meeting,Food,17274.0,Transportation to event venue,No,-0.733995690791812,
Business Trip US,Travel,25117.0,Dinner with clients to discuss business,No,-0.2535448721646777,
Tech Conference,Travel,43608.0,"Felt hungry at home, so I bought snacks",Yes,0.8791870017654946,
Client Meeting,Accommodation,49778.0,Dinner with clients to discuss business,No,1.2571522639010828,
Office Party,Food,53108.0,Purchased necessary research equipment,No,1.4611432400617812,
Research Trip,Accommodation,35113.0,Purchased necessary research equipment,No,0.358795607625815,
Office Party,Food,20042.0,Required for the business meeting,No,-0.564432020517694,
Tech Conference,Accommodation,25506.0,Required for the business meeting,No,-0.22971529567022977,
Client Meeting,Food,13626.0,Stayed at the company-approved hotel,No,-0.9574668862975861,
Research Trip,Travel,39659.0,Stayed at the company-approved hotel,No,0.6372769822884381,
Business Trip US,Travel,25651.0,Dinner with clients to discuss business,No,-0.22083280571728645,
Business Trip US,Travel,30788.0,Official client gift,No,0.09385237282250561,
Business Trip US,Accommodation,11491.0,Purchased necessary research equipment,No,-1.0882538935357515,
Research Trip,Equipment,8676.0,Bought an expensive watch for fun,No,-1.2606967157256512,
Research Trip,Equipment,12864.0,Dinner with clients to discuss business,No,-1.0041459024640882,
Research Trip,Accommodation,41146.0,Transportation to event venue,No,0.7283684482196568,
Tech Conference,Travel,28556.0,Attended the keynote session,No,-0.042876713901421955,
Research Trip,Equipment,45208.0,Purchased necessary research equipment,No,0.9772006840048691,
Client Meeting,Food,15250.0,Official client gift,No,-0.8579829988246209,
Business Trip US,Food,38572.0,Transportation to event venue,No,0.570688936917063,
Office Party,Gifts,24284.0,Dinner with clients to discuss business,No,-0.3045732454805521,
Client Meeting,Food,54429.0,Purchased necessary research equipment,No,1.5420657864606648,
Research Trip,Equipment,21434.0,Bought an expensive watch for fun,Yes,-0.4791601169694381,
Business Trip US,Food,4061.0,Attended the keynote session,No,-1.5434049304348474,
Client Meeting,Accommodation,26948.0,Official client gift,No,-0.1413804645519934,
Office Party,Gifts,25185.0,Transportation to event venue,No,-0.2493792906695043,
Business Trip US,Accommodation,13845.0,Purchased necessary research equipment,No,-0.9440512635410717,
Research Trip,Accommodation,57139.0,Attended the keynote session,No,1.7080764607536056,
Research Trip,Accommodation,16123.0,Required for the business meeting,No,-0.8045042834527621,
Office Party,Entertainment,40931.0,Required for the business meeting,No,0.7151978596687409,
Client Meeting,Accommodation,48557.0,Dinner with clients to discuss business,No,1.18235557264216,
Client Meeting,Gifts,5139.0,Required for the business meeting,No,-1.4773682120260687,
Tech Conference,Entertainment,28353.0,Required for the business meeting,No,-0.05531219983554261,
Business Trip US,Travel,39637.0,Dinner with clients to discuss business,No,0.6359292941576468,
Tech Conference,Entertainment,33701.0,"Felt hungry at home, so I bought snacks",Yes,0.27229853304956697,
Tech Conference,Accommodation,28169.0,Required for the business meeting,No,-0.06658377329307068,
Research Trip,Travel,21617.0,"Felt hungry at home, so I bought snacks",Yes,-0.46794980206330966,
Tech Conference,Entertainment,57728.0,Required for the business meeting,No,1.7441577475279753,
Office Party,Entertainment,46697.0,Just wanted to spend the company budget,Yes,1.0684146670388872,
Business Trip US,Accommodation,29311.0,Attended the keynote session,No,0.0033734924052829327,
Office Party,Gifts,10413.0,Purchased necessary research equipment,No,-1.1542906119445302,
Research Trip,Travel,58794.0,Purchased necessary research equipment,No,1.8094593633199587,
Tech Conference,Travel,20100.0,Transportation to event venue,No,-0.5608790245365167,
Office Party,Entertainment,3505.0,"Felt hungry at home, so I bought snacks",Yes,-1.57746468501303,
Business Trip US,Food,40466.0,Stayed at the company-approved hotel,No,0.6867126332679226,
Business Trip US,Accommodation,51520.0,Transportation to event venue,No,1.363864660439202,
Research Trip,Equipment,39670.0,Attended the keynote session,No,0.6379508263538338,
Research Trip,Equipment,11124.0,Stayed at the company-approved hotel,No,-1.1107357818994081,
Client Meeting,Food,19740.0,Official client gift,No,-0.5829321030403759,
Research Trip,Travel,28770.0,Official client gift,No,-0.0297673839019056,
Client Meeting,Gifts,45098.0,Transportation to event venue,No,0.9704622433509121,
Client Meeting,Accommodation,37729.0,Transportation to event venue,No,0.5190479780871925,
Tech Conference,Accommodation,25399.0,Transportation to event venue,No,-0.23626996066998796,
Office Party,Food,13928.0,Official client gift,No,-0.9389668037749042,
Tech Conference,Accommodation,56755.0,Required for the business meeting,No,1.6845531770161557,
Office Party,Food,11968.0,Stayed at the company-approved hotel,No,-1.0590335645181381,
Office Party,Entertainment,1566.0,Purchased necessary research equipment,No,-1.696245016176872,
Client Meeting,Food,47934.0,Official client gift,No,1.1441914951202037,
Research Trip,Accommodation,22870.0,Dinner with clients to discuss business,No,-0.3911928371595994,
Research Trip,Travel,4945.0,Stayed at the company-approved hotel,No,-1.489252370997593,
Office Party,Gifts,25082.0,Transportation to event venue,No,-0.25568892146366407,
Office Party,Food,26950.0,Official client gift,No,-0.1412579474491942,
Tech Conference,Travel,38149.0,Stayed at the company-approved hotel,No,0.5447765696750283,
Client Meeting,Food,3994.0,Attended the keynote session,No,-1.5475092533786212,
Tech Conference,Entertainment,55923.0,Dinner with clients to discuss business,No,1.633586062251681,
Office Party,Entertainment,18872.0,Dinner with clients to discuss business,No,-0.6361045256552367,
Business Trip US,Food,57331.0,Transportation to event venue,No,1.7198381026223304,
Office Party,Gifts,34982.0,Stayed at the company-approved hotel,No,0.3507707373924663,
Client Meeting,Food,20690.0,Attended the keynote session,No,-0.5247364792107473,
Client Meeting,Gifts,43955.0,Stayed at the company-approved hotel,No,0.900443719101159,
Research Trip,Equipment,13127.0,Dinner with clients to discuss business,No,-0.9880349034459911,
Business Trip US,Travel,20460.0,Purchased necessary research equipment,No,-0.5388259460326574,
Office Party,Entertainment,16587.0,"Felt hungry at home, so I bought snacks",Yes,-0.7760803156033436,
Client Meeting,Accommodation,23007.0,Attended the keynote session,No,-0.38280041561785294,
Tech Conference,Accommodation,35758.0,Required for the business meeting,No,0.3983073732785629,
Tech Conference,Travel,21650.0,Needed a premium car for comfort,Yes,-0.46592826986712255,
Business Trip US,Food,24101.0,Attended the keynote session,No,-0.3157835603866806,
Research Trip,Accommodation,29496.0,Purchased necessary research equipment,No,0.01470632441421062,
Office Party,Gifts,57516.0,Attended the keynote session,No,1.7311709346312583,
Office Party,Entertainment,10166.0,Personal entertainment,Yes,-1.1694214741402338,
Business Trip US,Travel,58609.0,Official client gift,No,1.7981265313110308,
Business Trip US,Food,1561.0,Attended the keynote session,No,-1.6965513089338702,
Office Party,Entertainment,14108.0,Official client gift,No,-0.9279402645229745,
Tech Conference,Travel,42392.0,"Felt hungry at home, so I bought snacks",Yes,0.8046966032635698,
Office Party,Entertainment,32651.0,Purchased necessary research equipment,No,0.2079770540799774,
Office Party,Entertainment,11697.0,Dinner with clients to discuss business,No,-1.0756346319474321,
Office Party,Food,7238.0,Needed a premium car for comfort,Yes,-1.3487865126382892,
Office Party,Food,28527.0,Stayed at the company-approved hotel,No,-0.044653211892010616,
Tech Conference,Accommodation,32194.0,Stayed at the company-approved hotel,No,0.17998189609035603,
Tech Conference,Entertainment,45265.0,Required for the business meeting,No,0.9806924214346469,
Client Meeting,Gifts,15460.0,Just wanted to spend the company budget,No,-0.845118703030703,
Office Party,Gifts,11227.0,Purchased necessary research equipment,No,-1.1044261511052484,
Tech Conference,Travel,45979.0,Stayed at the company-approved hotel,No,1.0244310271339678,
Client Meeting,Accommodation,38669.0,Official client gift,No,0.5766310164028251,
Business Trip US,Accommodation,7321.0,Bought an expensive watch for fun,No,-1.3437020528721215,
Client Meeting,Food,4613.0,"Felt hungry at home, so I bought snacks",Yes,-1.5095902100622631,
Research Trip,Accommodation,1646.0,Bought an expensive watch ,Yes,-1.6913443320649033,
Research Trip,Equipment,48520.0,Official client gift,No,1.1800890062403746,
Business Trip US,Food,46764.0,Attended the keynote session,No,1.0725189899826608,
Tech Conference,Entertainment,9691.0,Required for the business meeting,No,-1.198519286055048,
Client Meeting,Gifts,52439.0,Purchased necessary research equipment,No,1.4201612691754426,
Business Trip US,Food,8038.0,Just wanted to spend the company budget,Yes,-1.2997796715186019,
Tech Conference,Entertainment,28598.0,Required for the business meeting,No,-0.04030385474263837,
Business Trip US,Food,49708.0,Attended the keynote session,No,1.25286416530311,
Office Party,Food,13657.0,Dinner with clients to discuss business,No,-0.9555678712041983,
Tech Conference,Entertainment,45641.0,Transportation to event venue,No,1.0037256367608998,
Business Trip US,Accommodation,27263.0,Stayed at the company-approved hotel,No,-0.12208402086111654,
Office Party,Gifts,7218.0,Official client gift,No,-1.3500116836662814,
Research Trip,Travel,12659.0,Transportation to event venue,No,-1.016703905501008,
Client Meeting,Accommodation,37889.0,Stayed at the company-approved hotel,No,0.52884934631113,
Tech Conference,Travel,22201.0,Purchased necessary research equipment,No,-0.4321748080459379,
Client Meeting,Gifts,38592.0,Bought an expensive watch for fun,Yes,0.5719141079450552,
Client Meeting,Food,36433.0,Stayed at the company-approved hotel,No,0.4396568954732991,
Research Trip,Accommodation,18409.0,Bought an expensive watch for fun,Yes,-0.6644672349532557,
Client Meeting,Accommodation,53936.0,Dinner with clients to discuss business,No,1.5118653206206576,
Research Trip,Travel,32190.0,Required for the business meeting,No,0.1797368618847576,
Tech Conference,Accommodation,50864.0,Purchased necessary research equipment,No,1.3236790507210583,
Tech Conference,Travel,45150.0,Stayed at the company-approved hotel,No,0.9736476880236918,
Research Trip,Accommodation,15117.0,Purchased necessary research equipment,No,-0.8661303861607689,
Business Trip US,Travel,36065.0,Dinner with clients to discuss business,No,0.41711374855824296,
Tech Conference,Travel,36272.0,Stayed at the company-approved hotel,No,0.429794268697962,
Office Party,Food,55363.0,Attended the keynote session,No,1.5992812734678998,
Research Trip,Accommodation,56224.0,Official client gift,No,1.6520248862229632,
Tech Conference,Accommodation,3724.0,Official client gift,No,-1.5640490622565155,
Client Meeting,Food,56476.0,Personal entertainment,Yes,1.6674620411756647,
Tech Conference,Accommodation,46834.0,Stayed at the company-approved hotel,No,1.0768070885806336,
Business Trip US,Travel,18964.0,Bought luxury items,Yes,-0.6304687389264726,
Tech Conference,Accommodation,2976.0,Official client gift,No,-1.6098704587034232,
Tech Conference,Entertainment,45939.0,Required for the business meeting,No,1.0219806850779833,
Office Party,Food,52334.0,Needed a premium car for comfort,Yes,1.4137291212784837,
Research Trip,Travel,59155.0,Purchased necessary research equipment,No,1.8315737003752175,
Client Meeting,Gifts,9507.0,Stayed at the company-approved hotel,No,-1.2097908595125761,
Business Trip US,Travel,37009.0,Purchased necessary research equipment,No,0.47494182107947397,
Business Trip US,Food,56461.0,Needed a premium car for comfort,Yes,1.6665431629046705,
Business Trip US,Food,57034.0,Official client gift,No,1.7016443128566465,
Business Trip US,Food,5100.0,Car,Yes,-1.4797572955306535,
Client Meeting,Food,12752.0,Attended the keynote session,No,-1.0110068602208444,
Client Meeting,Accommodation,31542.0,Attended the keynote session,No,0.14004132057781088,
Research Trip,Accommodation,10686.0,Stayed at the company-approved hotel,No,-1.137567027412437,
Client Meeting,Accommodation,49698.0,Required for the business meeting,No,1.252251579789114,
Business Trip US,Travel,17490.0,Purchased necessary research equipment,No,-0.7207638436894965,
Research Trip,Accommodation,52180.0,Stayed at the company-approved hotel,No,1.4042953043629438,
Research Trip,Equipment,40692.0,Stayed at the company-approved hotel,No,0.7005570658842344,
Business Trip US,Accommodation,24641.0,Official client gift,No,-0.28270394263089166,
Tech Conference,Travel,54239.0,Dinner with clients to discuss business,No,1.530426661694739,
Business Trip US,Travel,11826.0,Attended the keynote session,No,-1.0677322788168826,
Client Meeting,Gifts,42680.0,Transportation to event venue,No,0.8223390660666573,
Business Trip US,Travel,19411.0,Purchased necessary research equipment,No,-0.6030861664508473,
Office Party,Entertainment,30639.0,"Felt hungry at home, so I bought snacks",Yes,0.08472484866396385,
Research Trip,Equipment,7164.0,Official client gift,No,-1.3533196454418603,
Research Trip,Travel,47527.0,Purchased necessary research equipment,No,1.1192592647005626,
Tech Conference,Travel,29466.0,Purchased necessary research equipment,No,0.012868567872222347,
Tech Conference,Travel,28871.0,Stayed at the company-approved hotel,No,-0.023580270210545082,
Office Party,Gifts,59200.0,Transportation to event venue,No,1.8343303351881999,
Research Trip,Equipment,30015.0,Official client gift,No,0.04649951259060776,
Business Trip US,Food,51766.0,Dinner with clients to discuss business,No,1.3789342640835058,
Business Trip US,Accommodation,6277.0,Transportation to event venue,No,-1.4076559805333135,
Business Trip US,Food,20199.0,Purchased necessary research equipment,No,-0.5548144279479553,
Office Party,Entertainment,23437.0,Attended the keynote session,No,-0.356459238516021,
Tech Conference,Travel,55687.0,Required for the business meeting,No,1.619129044121373,
Office Party,Gifts,40017.0,Bought an expensive watch for fun,Yes,0.6592075436894982,
Office Party,Entertainment,41103.0,Official client gift,No,0.7257343305094737,
Research Trip,Accommodation,8420.0,Transportation to event venue,No,-1.2763789048839511,
Tech Conference,Travel,7381.0,Attended the keynote session,No,-1.340026539788145,
Business Trip US,Travel,58414.0,Official client gift,No,1.7861811137881072,
Business Trip US,Travel,52630.0,Official client gift,No,1.431861652492768,
Business Trip US,Food,36959.0,Bought an expensive watch for fun,Yes,0.47187889350949347,
Office Party,Entertainment,19381.0,Attended the keynote session,No,-0.6049239229928356,
Research Trip,Equipment,5886.0,Transportation to event venue,No,-1.4316080741305608,
Research Trip,Travel,36838.0,Just wanted to spend the company budget,Yes,0.4644666087901408,
Tech Conference,Travel,54050.0,Bought an expensive watch for fun,Yes,1.518848795480213,
Tech Conference,Travel,21157.0,Required for the business meeting,No,-0.49612873570712984,
Tech Conference,Accommodation,32871.0,Stayed at the company-approved hotel,No,0.2214539353878914,
Business Trip US,Travel,30640.0,Purchased necessary research equipment,No,0.08478610721536345,
Client Meeting,Food,32952.0,Attended the keynote session,No,0.22641587805125973,
Client Meeting,Gifts,44569.0,Purchased necessary research equipment,No,0.9380564696605189,
Research Trip,Travel,29890.0,Transportation to event venue,No,0.03884219366565661,
Office Party,Entertainment,13693.0,Official client gift,No,-0.9533625633538123,
Office Party,Entertainment,4690.0,Bought an expensive watch for fun,Yes,-1.5048733016044933,
Research Trip,Accommodation,59992.0,Needed a premium car for comfort,Yes,1.8828471078966904,
Tech Conference,Accommodation,26811.0,Just wanted to spend the company budget,Yes,-0.14977288609373987,
Office Party,Food,10010.0,Attended the keynote session,No,-1.1789778081585727,
Research Trip,Accommodation,15026.0,Official client gift,No,-0.8717049143381334,
Business Trip US,Travel,32264.0,Required for the business meeting,No,0.18426999468832866,
Research Trip,Equipment,3559.0,"Felt hungry at home, so I bought snacks",Yes,-1.5741567232374511,
Research Trip,Accommodation,40118.0,Official client gift,No,0.6653946573808587,
Tech Conference,Accommodation,21816.0,Attended the keynote session,No,-0.4557593503347874,
Business Trip US,Accommodation,34727.0,Official client gift,No,0.33514980678556594,
Client Meeting,Food,17666.0,Attended the keynote session,No,-0.7099823386431653,
Research Trip,Equipment,2861.0,Transportation to event venue,No,-1.6169151921143783,
Client Meeting,Food,10773.0,Transportation to event venue,No,-1.132237533440671,
Client Meeting,Accommodation,17831.0,"Felt hungry at home, so I bought snacks",Yes,-0.6998746776622298,
Research Trip,Travel,44010.0,Stayed at the company-approved hotel,No,0.9038129394281373,
Office Party,Food,11133.0,Official client gift,No,-1.1101844549368116,
Business Trip US,Travel,1271.0,Personal entertainment,Yes,-1.7143162888397567,
Business Trip US,Food,16354.0,Attended the keynote session,No,-0.7903535580794524,
Business Trip US,Food,56065.0,Transportation to event venue,No,1.6422847765504254,
Business Trip US,Food,20999.0,Dinner with clients to discuss business,No,-0.5058075868282681,
Tech Conference,Accommodation,18421.0,Required for the business meeting,No,-0.6637321323364603,
Tech Conference,Travel,51518.0,Purchased necessary research equipment,No,1.3637421433364028,
Business Trip US,Travel,9576.0,Bought luxury items,Yes,-1.2055640194660031,
Business Trip US,Travel,43788.0,Official client gift,No,0.8902135410174241,
Client Meeting,Accommodation,59218.0,Stayed at the company-approved hotel,No,1.835432989113393,
Client Meeting,Accommodation,16465.0,Bought an expensive watch for fun,Yes,-0.7835538588740958,
Client Meeting,Accommodation,14643.0,Transportation to event venue,No,-0.8951669395241837,
Tech Conference,Entertainment,59804.0,Purchased necessary research equipment,No,1.8713305002335638,
Research Trip,Travel,27134.0,Required for the business meeting,No,-0.12998637399166613,
Tech Conference,Entertainment,40806.0,Official client gift,No,0.7075405407437898,
Research Trip,Accommodation,40436.0,Official client gift,No,0.6848748767259344,
Business Trip US,Accommodation,32738.0,Official client gift,No,0.2133065480517434,
Research Trip,Travel,19243.0,Dinner with clients to discuss business,No,-0.6133776030859817,
Client Meeting,Accommodation,2217.0,Attended the keynote session,No,-1.6563656992157265,
Research Trip,Equipment,15454.0,Stayed at the company-approved hotel,No,-0.8454862543391006,
Client Meeting,Accommodation,8556.0,Attended the keynote session,No,-1.2680477418936043,
Research Trip,Accommodation,32319.0,Official client gift,No,0.18763921501530717,
Research Trip,Equipment,54472.0,Required for the business meeting,No,1.544699904170848,
Business Trip US,Travel,16896.0,Stayed at the company-approved hotel,No,-0.7571514232208643,
Research Trip,Accommodation,39226.0,Purchased necessary research equipment,No,0.6107520295324074,
Business Trip US,Travel,52655.0,Stayed at the company-approved hotel,No,1.4333931162777582,
Office Party,Entertainment,54584.0,Attended the keynote session,No,1.5515608619276042,
Office Party,Gifts,1580.0,Required for the business meeting,No,-1.6953873964572777,
Research Trip,Travel,9500.0,Required for the business meeting,No,-1.2102196693723732,
Business Trip US,Travel,5948.0,Official client gift,No,-1.4278100439437849,
Office Party,Gifts,54050.0,Required for the business meeting,No,1.518848795480213,
Client Meeting,Accommodation,35738.0,Required for the business meeting,No,0.3970822022505707,
Client Meeting,Accommodation,17217.0,Purchased necessary research equipment,No,-0.7374874282215897,
Research Trip,Travel,33127.0,Required for the business meeting,No,0.23713612454619135,
Research Trip,Equipment,18416.0,Purchased necessary research equipment,No,-0.6640384250934585,
Business Trip US,Travel,16445.0,Stayed at the company-approved hotel,No,-0.784779029902088,
Tech Conference,Travel,28424.0,Stayed at the company-approved hotel,No,-0.05096284268617036,
Business Trip US,Accommodation,42985.0,Personal entertainment,No,0.8410229242435381,
Research Trip,Accommodation,3873.0,Required for the business meeting,No,-1.554921538097974,
Research Trip,Travel,51559.0,Bought luxury items,Yes,1.3662537439437867,
Research Trip,Accommodation,48041.0,Stayed at the company-approved hotel,No,1.1507461601199618,
Tech Conference,Accommodation,47723.0,Stayed at the company-approved hotel,No,1.131265940774886,
Business Trip US,Accommodation,49995.0,Official client gift,No,1.270445369554798,
Tech Conference,Entertainment,48481.0,Dinner with clients to discuss business,No,1.1776999227357898,
Tech Conference,Accommodation,58251.0,Purchased necessary research equipment,No,1.776195969909971,
Research Trip,Accommodation,54046.0,Dinner with clients to discuss business,No,1.5186037612746146,
Tech Conference,Travel,4341.0,Purchased necessary research equipment,No,-1.5262525360429569,
Client Meeting,Accommodation,25050.0,Stayed at the company-approved hotel,No,-0.2576491951084515,
Research Trip,Equipment,51394.0,Official client gift,No,1.356146082962851,
Business Trip US,Accommodation,46956.0,Transportation to event venue,No,1.0842806318513858,
Research Trip,Accommodation,2516.0,Dinner with clients to discuss business,No,-1.6380493923472434,
Research Trip,Equipment,25137.0,Required for the business meeting,No,-0.25231970113668556,
Client Meeting,Gifts,17953.0,Purchased necessary research equipment,No,-0.6924011343914774,
Business Trip US,Travel,32761.0,Official client gift,No,0.2147154947339344,
Client Meeting,Accommodation,28725.0,Dinner with clients to discuss business,No,-0.03252401871488801,
Research Trip,Travel,28073.0,Required for the business meeting,No,-0.07246459422743316,
Research Trip,Equipment,32658.0,Transportation to event venue,No,0.20840586393977467,
Research Trip,Accommodation,29777.0,Bought luxury items,Yes,0.03191997735750078,
Research Trip,Equipment,26830.0,Dinner with clients to discuss business,No,-0.14860897361714728,
Business Trip US,Travel,42841.0,Needed a premium car for comfort,Yes,0.8322016928419943,
Client Meeting,Food,10192.0,Transportation to event venue,No,-1.167828751803844,
Research Trip,Equipment,48681.0,Official client gift,No,1.1899516330157116,
Client Meeting,Food,41537.0,Attended the keynote session,No,0.752320541816904,
Client Meeting,Food,48933.0,Attended the keynote session,No,1.205388787968413,
Research Trip,Travel,30728.0,Just wanted to spend the company budget,Yes,0.09017685973852906,
Business Trip US,Travel,20448.0,Dinner with clients to discuss business,No,-0.5395610486494526,
Business Trip US,Travel,49053.0,Transportation to event venue,No,1.2127398141363661,
Client Meeting,Accommodation,6526.0,Bought an expensive watch for fun,Yes,-1.392402601234811,
Tech Conference,Accommodation,32448.0,Transportation to event venue,No,0.19554156814585674,
Research Trip,Travel,8187.0,Official client gift,No,-1.29065214736006,
Business Trip US,Travel,20441.0,Stayed at the company-approved hotel,No,-0.53998985850925,
Office Party,Gifts,44616.0,Bought an expensive watch for fun,Yes,0.9409356215763005,
Office Party,Gifts,27682.0,Required for the business meeting,No,-0.09641668782468032,
Business Trip US,Food,25713.0,Bought an expensive watch for fun,Yes,-0.21703477553051068,
Tech Conference,Entertainment,30149.0,Bought luxury items,Yes,0.054708158478155376,
Client Meeting,Gifts,28570.0,Transportation to event venue,No,-0.04201909418182743,
Business Trip US,Travel,41236.0,Transportation to event venue,No,0.7338817178456217,
Research Trip,Equipment,14955.0,Official client gift,No,-0.8760542714875056,
Office Party,Food,44333.0,Transportation to event venue,No,0.9235994515302112,
Client Meeting,Food,1563.0,Bought luxury items,Yes,-1.696428791831071,
Tech Conference,Entertainment,37594.0,Required for the business meeting,No,0.5107780736482452,
Office Party,Food,5712.0,Purchased necessary research equipment,No,-1.4422670620740927,
Client Meeting,Gifts,6014.0,Official client gift,No,-1.4237669795514107,
Tech Conference,Travel,17144.0,Purchased necessary research equipment,No,-0.7419593024737612,
Research Trip,Accommodation,26745.0,Official client gift,No,-0.15381595048611407,
Office Party,Entertainment,38316.0,Official client gift,No,0.555006747758763,
Client Meeting,Food,57420.0,Required for the business meeting,No,1.7252901136968957,
Client Meeting,Gifts,7905.0,Bought luxury items,Yes,-1.3079270588547498,
Client Meeting,Food,31660.0,Purchased necessary research equipment,No,0.14726982964296476,
Research Trip,Equipment,41116.0,Required for the business meeting,No,0.7265306916776686,
Client Meeting,Gifts,49882.0,Transportation to event venue,No,1.2635231532466422,
Client Meeting,Accommodation,23613.0,Required for the business meeting,No,-0.34567773346968983,
Tech Conference,Travel,20016.0,Personal entertainment,Yes,-0.5660247428540839,
Office Party,Food,51879.0,Attended the keynote session,No,1.3858564803916615,
Business Trip US,Food,52716.0,Stayed at the company-approved hotel,No,1.4371298879131345,
Office Party,Gifts,39662.0,Just wanted to spend the company budget,Yes,0.6374607579426369,
Tech Conference,Accommodation,41576.0,Purchased necessary research equipment,No,0.7547096253214888,
Client Meeting,Accommodation,27920.0,Required for the business meeting,No,-0.08183715259157336,
Research Trip,Equipment,7992.0,Purchased necessary research equipment,No,-1.302597564882984,
Client Meeting,Gifts,42762.0,Stayed at the company-approved hotel,No,0.8273622672814253,
Research Trip,Equipment,16279.0,Official client gift,No,-0.7949479494344232,
Tech Conference,Entertainment,38247.0,Transportation to event venue,No,0.55077990771219,
Office Party,Gifts,48828.0,Stayed at the company-approved hotel,No,1.1989566400714542,
Client Meeting,Food,11842.0,Dinner with clients to discuss business,No,-1.0667521419944888,
Business Trip US,Travel,17203.0,Attended the keynote session,No,-0.7383450479411843,
Office Party,Gifts,31264.0,Stayed at the company-approved hotel,No,0.12301144328871955,
Client Meeting,Food,47773.0,Official client gift,No,1.1343288683448665,
Business Trip US,Accommodation,41998.0,Required for the business meeting,No,0.7805607340121239,
Office Party,Gifts,47392.0,Required for the business meeting,No,1.1109893602616154,
Research Trip,Equipment,15047.0,Official client gift,No,-0.8704184847587415,
Client Meeting,Food,9699.0,Transportation to event venue,No,-1.1980292176438512,
Business Trip US,Travel,46314.0,Transportation to event venue,No,1.0449526418528368,
Tech Conference,Travel,50152.0,Bought luxury items,Yes,1.2800629621245365,
Client Meeting,Gifts,25140.0,Attended the keynote session,No,-0.2521359254824867,
Office Party,Food,49215.0,Official client gift,No,1.2226636994631028,
Client Meeting,Food,33777.0,Transportation to event venue,No,0.27695418295593727,
Tech Conference,Travel,22362.0,Attended the keynote session,No,-0.42231218127060083,
Business Trip US,Travel,56798.0,Attended the keynote session,No,1.6871872947263389,
Business Trip US,Travel,37778.0,Official client gift,No,0.5220496471057734,
Client Meeting,Accommodation,13961.0,Stayed at the company-approved hotel,No,-0.9369452715787171,
Client Meeting,Gifts,24290.0,Official client gift,No,-0.3042056941721545,
Client Meeting,Food,36594.0,Official client gift,No,0.44951952224863617,
Office Party,Entertainment,51596.0,Needed a premium car for comfort,No,1.368520310345572,
Office Party,Gifts,45041.0,Official client gift,No,0.9669705059211344,
Research Trip,Travel,16299.0,Stayed at the company-approved hotel,No,-0.7937227784064309,
Research Trip,Accommodation,50941.0,Just wanted to spend the company budget,Yes,1.3283959591788281,
Office Party,Entertainment,33681.0,Purchased necessary research equipment,No,0.2710733620215748,
Office Party,Entertainment,41669.0,Attended the keynote session,No,0.7604066706016525,
Research Trip,Equipment,10483.0,Needed a premium car for comfort,Yes,-1.1500025133465577,
Office Party,Food,7849.0,Transportation to event venue,No,-1.311357537733128,
Office Party,Gifts,55354.0,Bought luxury items,Yes,1.5987299465053033,
Client Meeting,Gifts,34675.0,Attended the keynote session,No,0.33196436211278624,
Research Trip,Accommodation,45451.0,Purchased necessary research equipment,No,0.9920865119949741,
Business Trip US,Travel,25853.0,Attended the keynote session,No,-0.2084585783345654,
Client Meeting,Food,42723.0,Official client gift,No,0.8249731837768405,
Research Trip,Accommodation,10931.0,Purchased necessary research equipment,No,-1.1225586823195326,
Client Meeting,Accommodation,12391.0,Required for the business meeting,No,-1.0331211972761034,
Office Party,Gifts,36254.0,Attended the keynote session,No,0.42869161477276907,
Tech Conference,Entertainment,28047.0,Purchased necessary research equipment,No,-0.074057316563823,
Tech Conference,Accommodation,54583.0,Transportation to event venue,No,1.5514996033762045,
Business Trip US,Travel,14499.0,Needed a premium car for comfort,Yes,-0.9039881709257274,
Business Trip US,Travel,37636.0,Required for the business meeting,No,0.5133509328070288,
Tech Conference,Entertainment,55690.0,Bought luxury items,Yes,1.619312819775572,
Client Meeting,Gifts,9425.0,Stayed at the company-approved hotel,No,-1.214814060727344,
Business Trip US,Accommodation,2110.0,Dinner with clients to discuss business,No,-1.6629203642154848,
Office Party,Entertainment,31812.0,Bought an expensive watch for fun,Yes,0.15658112945570535,
Office Party,Gifts,59217.0,Official client gift,No,1.8353717305619932,
Tech Conference,Accommodation,44875.0,Required for the business meeting,No,0.9568015863887993,
Client Meeting,Gifts,16506.0,Official client gift,No,-0.7810422582667118,
Client Meeting,Accommodation,36298.0,Dinner with clients to discuss business,No,0.43138699103435185,
Office Party,Gifts,18153.0,"Felt hungry at home, so I bought snacks",Yes,-0.6801494241115557,
Business Trip US,Food,36438.0,Required for the business meeting,No,0.4399631882302971,
Office Party,Food,12278.0,Bought luxury items,Yes,-1.0400434135842591,
Client Meeting,Food,22003.0,Required for the business meeting,No,-0.4443040012230605,
Research Trip,Travel,9830.0,Stayed at the company-approved hotel,No,-1.1900043474105024,
Business Trip US,Travel,22481.0,Stayed at the company-approved hotel,No,-0.41502241365404735,
Business Trip US,Food,3339.0,Stayed at the company-approved hotel,No,-1.5876336045453652,
Business Trip US,Food,44482.0,Stayed at the company-approved hotel,No,0.9327269756887528,
Research Trip,Travel,26180.0,Transportation to event venue,No,-0.18842703202689323,
Tech Conference,Travel,9462.0,Official client gift,No,-1.2125474943255585,
Office Party,Gifts,17516.0,Attended the keynote session,No,-0.7191711213531067,
Research Trip,Equipment,3863.0,Required for the business meeting,No,-1.55553412361197,
Tech Conference,Travel,4313.0,Transportation to event venue,No,-1.527967775482146,
Tech Conference,Accommodation,22620.0,Transportation to event venue,No,-0.4065074750095017,
Business Trip US,Food,18153.0,Personal entertainment,Yes,-0.6801494241115557,
Client Meeting,Food,12621.0,Official client gift,No,-1.0190317304541934,
Tech Conference,Entertainment,4906.0,Personal entertainment,Yes,-1.4916414545021777,
Client Meeting,Accommodation,30749.0,Required for the business meeting,No,0.09146328931792085,
Business Trip US,Accommodation,36274.0,Transportation to event venue,No,0.42991678580076126,
Business Trip US,Food,40699.0,Transportation to event venue,No,0.7009858757440316,
Client Meeting,Gifts,38329.0,Just wanted to spend the company budget,Yes,0.555803108926958,
Client Meeting,Gifts,19454.0,Official client gift,No,-0.6004520487406642,
Business Trip US,Food,34112.0,Dinner with clients to discuss business,No,0.2974757976748063,
Business Trip US,Food,7401.0,Stayed at the company-approved hotel,No,-1.338801368760153,
Business Trip US,Accommodation,7675.0,Purchased necessary research equipment,No,-1.32201652567666,
Client Meeting,Gifts,51646.0,Dinner with clients to discuss business,No,1.3715832379155526,
Research Trip,Equipment,15901.0,Dinner with clients to discuss business,No,-0.8181036818634754,
Client Meeting,Gifts,47105.0,Required for the business meeting,No,1.0934081560099276,
Business Trip US,Travel,44086.0,Required for the business meeting,No,0.9084685893345077,
Client Meeting,Food,56897.0,Transportation to event venue,No,1.6932518913149002,
Research Trip,Equipment,16186.0,Attended the keynote session,No,-0.8006449947145867,
Business Trip US,Travel,19550.0,Personal entertainment,Yes,-0.5945712278063017,
Office Party,Entertainment,41632.0,Purchased necessary research equipment,No,0.7581401041998669,
Office Party,Entertainment,32009.0,Personal entertainment,Yes,0.16864906408142835,
Tech Conference,Travel,21519.0,Stayed at the company-approved hotel,No,-0.47395314010047135,
Research Trip,Accommodation,43636.0,Transportation to event venue,No,0.8809022412046836,
Tech Conference,Travel,6469.0,Official client gift,No,-1.3958943386645886,
Client Meeting,Gifts,6530.0,Transportation to event venue,No,-1.3921575670292123,
Client Meeting,Accommodation,1079.0,Bought an expensive watch for fun,Yes,-1.7260779307084817,
Research Trip,Travel,38080.0,Purchased necessary research equipment,No,0.5405497296284553,
Office Party,Food,23536.0,Dinner with clients to discuss business,No,-0.3503946419274597,
Client Meeting,Accommodation,5833.0,Official client gift,No,-1.43485477735474,
Client Meeting,Accommodation,6707.0,Official client gift,No,-1.3813148034314817,
Client Meeting,Accommodation,32139.0,Stayed at the company-approved hotel,No,0.17661267576337752,
Research Trip,Travel,24624.0,Purchased necessary research equipment,No,-0.283745338004685,
Tech Conference,Entertainment,24224.0,Official client gift,No,-0.30824875856452866,
Business Trip US,Accommodation,35591.0,Official client gift,No,0.3880771951948282,
Research Trip,Accommodation,54560.0,Dinner with clients to discuss business,No,1.5500906566940136,
Client Meeting,Gifts,23223.0,Required for the business meeting,No,-0.3695685685155374,
Tech Conference,Travel,53992.0,Attended the keynote session,No,1.5152957994990357,
Office Party,Food,7506.0,Stayed at the company-approved hotel,No,-1.3323692208631939,
Office Party,Entertainment,35661.0,Transportation to event venue,No,0.39236529379280083,
Research Trip,Equipment,27704.0,Official client gift,No,-0.09506899969388892,
Client Meeting,Accommodation,18654.0,"Felt hungry at home, so I bought snacks",Yes,-0.6494588898603515,
Client Meeting,Accommodation,45377.0,Purchased necessary research equipment,No,0.9875533791914031,
Business Trip US,Food,40714.0,Stayed at the company-approved hotel,No,0.7019047540150257,
Office Party,Entertainment,22436.0,Just wanted to spend the company budget,Yes,-0.4177790484670298,
Office Party,Gifts,41100.0,Just wanted to spend the company budget,Yes,0.7255505548552749,
Tech Conference,Accommodation,33151.0,Just wanted to spend the company budget,Yes,0.23860632977978197,
Client Meeting,Food,35254.0,Just wanted to spend the company budget,Yes,0.36743306337315995,
Office Party,Food,54710.0,Required for the business meeting,No,1.559279439403955,
Tech Conference,Entertainment,21355.0,Transportation to event venue,No,-0.4839995425300072,
Tech Conference,Travel,39489.0,Attended the keynote session,No,0.6268630285505046,
Research Trip,Accommodation,58069.0,Transportation to event venue,No,1.765046913555242,
Client Meeting,Accommodation,34840.0,Stayed at the company-approved hotel,No,0.34207202309372176,
Client Meeting,Food,26986.0,Official client gift,No,-0.13905263959880826,
Office Party,Entertainment,37442.0,Required for the business meeting,No,0.5014667738355046,
Office Party,Food,55313.0,Stayed at the company-approved hotel,No,1.5962183458979193,
Tech Conference,Accommodation,19284.0,Dinner with clients to discuss business,No,-0.6108660024785977,
Research Trip,Accommodation,31614.0,Transportation to event venue,No,0.14445193627858274,
Research Trip,Accommodation,39382.0,Attended the keynote session,No,0.6203083635507464,
Tech Conference,Entertainment,53712.0,Attended the keynote session,No,1.4981434051071452,
Research Trip,Travel,48265.0,Transportation to event venue,No,1.1644680756334742,
Research Trip,Travel,35420.0,Bought an expensive watch for fun,Yes,0.37760198290549507,
Client Meeting,Food,35033.0,Stayed at the company-approved hotel,No,0.3538949235138463,
Client Meeting,Food,3368.0,Dinner with clients to discuss business,No,-1.5858571065547764,
Office Party,Entertainment,1276.0,Attended the keynote session,No,-1.7140099960827588,
Business Trip US,Accommodation,6407.0,Official client gift,No,-1.3996923688513643,
Research Trip,Equipment,49573.0,Official client gift,No,1.244594260864163,
Tech Conference,Accommodation,23295.0,Attended the keynote session,No,-0.36515795281476554,
Research Trip,Accommodation,23849.0,Bought an expensive watch for fun,Yes,-0.3312207153393821,
Business Trip US,Travel,24357.0,Required for the business meeting,No,-0.30010137122838065,
Client Meeting,Food,19536.0,Purchased necessary research equipment,No,-0.5954288475258962,
Client Meeting,Gifts,13272.0,Required for the business meeting,No,-0.9791524134930477,
Business Trip US,Accommodation,22318.0,Dinner with clients to discuss business,No,-0.42500755753218367,
Office Party,Entertainment,25730.0,Purchased necessary research equipment,No,-0.21599338015671732,
Client Meeting,Accommodation,2438.0,Required for the business meeting,No,-1.642827559356413,
Business Trip US,Food,5138.0,Dinner with clients to discuss business,No,-1.4774294705774684,
Client Meeting,Food,21278.0,Official client gift,No,-0.4887164509877771,
Tech Conference,Travel,39965.0,Dinner with clients to discuss business,No,0.6560220990167185,
Tech Conference,Entertainment,24888.0,Purchased necessary research equipment,No,-0.2675730804351882,
Research Trip,Accommodation,25839.0,Dinner with clients to discuss business,No,-0.20931619805415994,
Office Party,Gifts,4358.0,Bought an expensive watch for fun,Yes,-1.5252111406691635,
Client Meeting,Accommodation,52241.0,Required for the business meeting,No,1.40803207599832,
Business Trip US,Food,24752.0,Bought luxury items,Yes,-0.27590424342553505,
Tech Conference,Entertainment,13842.0,Required for the business meeting,No,-0.9442350391952705,
Business Trip US,Travel,16325.0,Purchased necessary research equipment,No,-0.792130056070041,
Research Trip,Travel,42091.0,Purchased necessary research equipment,No,0.7862577792922875,
Research Trip,Equipment,20917.0,Personal entertainment,Yes,-0.510830788043036,
Business Trip US,Food,37586.0,Needed a premium car for comfort,Yes,0.5102880052370484,
Business Trip US,Travel,37568.0,Required for the business meeting,No,0.5091853513118555,
Tech Conference,Accommodation,37434.0,Transportation to event venue,No,0.5009767054243078,
Business Trip US,Travel,42950.0,Purchased necessary research equipment,No,0.8388788749445517,
Business Trip US,Accommodation,17634.0,Required for the business meeting,No,-0.7119426122879527,
Business Trip US,Travel,9218.0,Bought an expensive watch for fun,Yes,-1.2274945808670632,
Tech Conference,Accommodation,41847.0,Official client gift,No,0.7713106927507829,
Office Party,Food,53843.0,Official client gift,No,1.506168275340494,
Tech Conference,Entertainment,29478.0,Stayed at the company-approved hotel,No,0.013603670489017656,
Office Party,Entertainment,2228.0,Stayed at the company-approved hotel,No,-1.6556918551503308,
Research Trip,Accommodation,40304.0,Stayed at the company-approved hotel,No,0.676788747941186,
Business Trip US,Travel,11413.0,Needed a premium car for comfort,Yes,-1.093032060544921,
Office Party,Gifts,22411.0,Transportation to event venue,No,-0.41931051225202,
Office Party,Gifts,30419.0,Attended the keynote session,No,0.07124796735604984,
Business Trip US,Travel,13387.0,"Felt hungry at home, so I bought snacks",Yes,-0.9721076800820927,
Office Party,Entertainment,40294.0,Purchased necessary research equipment,No,0.6761761624271899,
Client Meeting,Gifts,47266.0,Bought an expensive watch for fun,Yes,1.1032707827852646,
Research Trip,Travel,53335.0,Attended the keynote session,No,1.4750489312294925,
Office Party,Food,29218.0,Official client gift,No,-0.002323552874880715,
Tech Conference,Accommodation,28748.0,Official client gift,No,-0.031115072032697002,
Client Meeting,Food,20737.0,Stayed at the company-approved hotel,No,-0.5218573272949657,
Business Trip US,Accommodation,35049.0,Just wanted to spend the company budget,Yes,0.35487506033624006,
Business Trip US,Accommodation,32660.0,Stayed at the company-approved hotel,No,0.20852838104257387,
Office Party,Food,18561.0,"Felt hungry at home, so I bought snacks",Yes,-0.6551559351405151,
Tech Conference,Accommodation,20142.0,Required for the business meeting,No,-0.5583061653777331,
Tech Conference,Accommodation,16508.0,Stayed at the company-approved hotel,No,-0.7809197411639126,
Tech Conference,Entertainment,52234.0,Dinner with clients to discuss business,No,1.4076032661385227,
Office Party,Gifts,55158.0,Attended the keynote session,No,1.58672327043098,
Tech Conference,Travel,37377.0,Required for the business meeting,No,0.4974849679945301,
Client Meeting,Accommodation,42903.0,Dinner with clients to discuss business,No,0.8359997230287701,
Business Trip US,Accommodation,14906.0,Required for the business meeting,No,-0.8790559405060865,
Tech Conference,Entertainment,22235.0,Attended the keynote session,No,-0.4300920172983512,
Office Party,Food,5997.0,Attended the keynote session,No,-1.424808374925204,
Research Trip,Travel,13017.0,Stayed at the company-approved hotel,No,-0.9947733440999481,
Office Party,Gifts,47463.0,Stayed at the company-approved hotel,No,1.1153387174109877,
Office Party,Food,29692.0,Attended the keynote session,No,0.02671300048853401,
Tech Conference,Travel,44247.0,Just wanted to spend the company budget,Yes,0.9183312161098448,
Research Trip,Equipment,40205.0,Transportation to event venue,No,0.6707241513526246,
Tech Conference,Entertainment,29461.0,Attended the keynote session,No,0.012562275115224302,
Tech Conference,Travel,59022.0,Transportation to event venue,No,1.8234263130390695,
Research Trip,Accommodation,8444.0,Bought luxury items,Yes,-1.2749086996503607,
Business Trip US,Travel,1650.0,Stayed at the company-approved hotel,No,-1.691099297859305,
Business Trip US,Travel,7915.0,Transportation to event venue,No,-1.3073144733407538,
Business Trip US,Travel,19698.0,Attended the keynote session,No,-0.5855049621991596,
Office Party,Gifts,57364.0,Stayed at the company-approved hotel,No,1.7218596348185176,
Client Meeting,Accommodation,43315.0,Stayed at the company-approved hotel,No,0.861238246205409,
Business Trip US,Travel,33548.0,Attended the keynote session,No,0.2629259746854268,
Client Meeting,Gifts,36732.0,Official client gift,No,0.45797320234178224,
Office Party,Gifts,15951.0,Purchased necessary research equipment,No,-0.8150407542934949,
Tech Conference,Travel,55654.0,Official client gift,No,1.617107511925186,
Tech Conference,Entertainment,8849.0,Transportation to event venue,No,-1.2500989863335188,
Business Trip US,Accommodation,15958.0,Dinner with clients to discuss business,No,-0.8146119444336977,
Tech Conference,Entertainment,53661.0,Stayed at the company-approved hotel,No,1.495019218985765,
Client Meeting,Food,17639.0,Purchased necessary research equipment,No,-0.7116363195309547,
Tech Conference,Entertainment,13769.0,Dinner with clients to discuss business,No,-0.9487069134474421,
Business Trip US,Food,2007.0,Bought an expensive watch for fun,Yes,-1.6692299950096445,
Research Trip,Travel,23711.0,Official client gift,No,-0.33967439543252814,
Office Party,Gifts,56468.0,Official client gift,No,1.6669719727644678,
Research Trip,Equipment,4875.0,Transportation to event venue,No,-1.4935404695955656,
Office Party,Food,51713.0,Official client gift,No,1.3756875608593264,
Business Trip US,Travel,8221.0,Attended the keynote session,No,-1.2885693566124734,
Office Party,Gifts,58124.0,Stayed at the company-approved hotel,No,1.7684161338822204,
Client Meeting,Accommodation,8738.0,Official client gift,No,-1.2568986855388755,
Business Trip US,Accommodation,50372.0,Needed a premium car for comfort,Yes,1.2935398434324505,
Tech Conference,Accommodation,45196.0,Just wanted to spend the company budget,Yes,0.9764655813880738,
Tech Conference,Accommodation,30620.0,Purchased necessary research equipment,No,0.08356093618737127,
Office Party,Food,18550.0,Attended the keynote session,No,-0.6558297792059108,
Client Meeting,Accommodation,26431.0,Official client gift,No,-0.17305113562559132,
Business Trip US,Travel,51546.0,Required for the business meeting,No,1.3654573827755918,
Research Trip,Equipment,19205.0,Required for the business meeting,No,-0.6157054280391668,
Tech Conference,Entertainment,29762.0,Just wanted to spend the company budget,Yes,0.031001099086506646,
Tech Conference,Travel,4943.0,Purchased necessary research equipment,No,-1.489374888100392,
Business Trip US,Travel,27240.0,Transportation to event venue,No,-0.12349296754330756,
Tech Conference,Travel,45388.0,Transportation to event venue,No,0.9882272232567988,
Office Party,Food,31556.0,Personal entertainment,Yes,0.1408989402974054,
Office Party,Entertainment,19443.0,Needed a premium car for comfort,Yes,-0.6011258928060599,
Client Meeting,Accommodation,34766.0,Stayed at the company-approved hotel,No,0.33753889029015066,
Office Party,Gifts,35797.0,Purchased necessary research equipment,No,0.4006964567831477,
Client Meeting,Food,17091.0,Official client gift,No,-0.7452060056979405,
Office Party,Entertainment,25766.0,Purchased necessary research equipment,No,-0.2137880723063314,
Office Party,Entertainment,38751.0,Dinner with clients to discuss business,No,0.5816542176175931,
Business Trip US,Food,1659.0,Dinner with clients to discuss business,No,-1.6905479708967084,
Office Party,Entertainment,25704.0,Dinner with clients to discuss business,No,-0.21758610249310717,
Client Meeting,Food,33876.0,Dinner with clients to discuss business,No,0.28301877954449856,
Client Meeting,Gifts,46692.0,Stayed at the company-approved hotel,No,1.068108374281889,
Research Trip,Equipment,39571.0,Bought luxury items,Yes,0.6318862297652725,
Business Trip US,Food,52394.0,Purchased necessary research equipment,No,1.4174046343624602,
Client Meeting,Food,16905.0,Purchased necessary research equipment,No,-0.7566000962582679,
Research Trip,Equipment,25852.0,Purchased necessary research equipment,No,-0.208519836885965,
Tech Conference,Travel,51776.0,Official client gift,No,1.3795468495975018,
Business Trip US,Accommodation,1060.0,Transportation to event venue,No,-1.7272418431850742,
Office Party,Food,40052.0,Dinner with clients to discuss business,No,0.6613515929884844,
Client Meeting,Gifts,12923.0,Transportation to event venue,No,-1.0005316479315114,
Client Meeting,Accommodation,7690.0,Attended the keynote session,No,-1.321097647405666,
Business Trip US,Food,27935.0,Needed a premium car for comfort,Yes,-0.08091827432057921,
Research Trip,Travel,44698.0,Official client gift,No,0.9459588227910685,
Tech Conference,Entertainment,17788.0,Needed a premium car for comfort,Yes,-0.702508795372413,
Tech Conference,Accommodation,39697.0,Purchased necessary research equipment,No,0.6396048072416233,
Client Meeting,Food,28323.0,Attended the keynote session,No,-0.057149956377530876,
Research Trip,Travel,32642.0,Attended the keynote session,No,0.20742572711738091,
Office Party,Gifts,8470.0,Purchased necessary research equipment,No,-1.2733159773139708,
Research Trip,Accommodation,34756.0,Bought luxury items,Yes,0.3369263047761546,
Client Meeting,Food,18580.0,Attended the keynote session,No,-0.6539920226639225,
Business Trip US,Food,36978.0,Attended the keynote session,No,0.47304280598608606,
Office Party,Food,46290.0,Attended the keynote session,No,1.0434824366192461,
Office Party,Gifts,26668.0,Transportation to event venue,No,-0.15853285894388397,
Business Trip US,Travel,13667.0,Purchased necessary research equipment,No,-0.9549552856902022,
Client Meeting,Food,27685.0,Attended the keynote session,No,-0.0962329121704815,
Research Trip,Travel,25769.0,Purchased necessary research equipment,No,-0.21360429665213257,
Client Meeting,Accommodation,11434.0,Stayed at the company-approved hotel,No,-1.0917456309655293,
Business Trip US,Accommodation,23501.0,Stayed at the company-approved hotel,No,-0.35253869122644604,
Client Meeting,Gifts,25896.0,Required for the business meeting,No,-0.2058244606243822,
Client Meeting,Accommodation,20062.0,Personal entertainment,Yes,-0.5632068494897018,
Research Trip,Equipment,34339.0,Dinner with clients to discuss business,No,0.3113814888425176,
Tech Conference,Accommodation,47042.0,Transportation to event venue,No,1.0895488672717522,
Client Meeting,Accommodation,46737.0,Transportation to event venue,No,1.0708650090948715,
Office Party,Gifts,3293.0,Bought an expensive watch for fun,Yes,-1.5904514979097473,
Business Trip US,Food,18360.0,Purchased necessary research equipment,No,-0.6674689039718366,
Tech Conference,Entertainment,34804.0,Attended the keynote session,No,0.33986671524333584,
Client Meeting,Accommodation,48437.0,Attended the keynote session,No,1.175004546474207,
Client Meeting,Food,27809.0,Bought luxury items,Yes,-0.08863685179692997,
Research Trip,Equipment,32426.0,Personal entertainment,No,0.19419388001506535,
Office Party,Entertainment,14791.0,Just wanted to spend the company budget,Yes,-0.8861006739170415,
Research Trip,Travel,32700.0,Personal entertainment,Yes,0.21097872309855825,
Tech Conference,Entertainment,10201.0,Transportation to event venue,No,-1.1672774248412474,
Client Meeting,Food,33313.0,Dinner with clients to discuss business,No,0.24853021510651863,
Office Party,Entertainment,14428.0,Stayed at the company-approved hotel,No,-0.9083375280750996,
Research Trip,Accommodation,49890.0,Just wanted to spend the company budget,Yes,1.264013221657839,
Tech Conference,Travel,6249.0,Required for the business meeting,No,-1.4093712199725026,
Research Trip,Travel,22890.0,Transportation to event venue,No,-0.3899676661316072,
Client Meeting,Food,43139.0,Official client gift,No,0.8504567411590779,
Client Meeting,Gifts,10857.0,Transportation to event venue,No,-1.1270918151231037,
Tech Conference,Entertainment,21238.0,Dinner with clients to discuss business,No,-0.4911667930437615,
Office Party,Entertainment,11197.0,"Felt hungry at home, so I bought snacks",Yes,-1.1062639076472367,
Office Party,Food,16735.0,Just wanted to spend the company budget,Yes,-0.7670140499962014,
Office Party,Gifts,22587.0,Attended the keynote session,No,-0.4085290072056888,
Business Trip US,Accommodation,2781.0,Required for the business meeting,No,-1.621815876226347,
Business Trip US,Food,6732.0,Required for the business meeting,No,-1.3797833396464914,
Research Trip,Travel,15590.0,Purchased necessary research equipment,No,-0.8371550913487538,
Office Party,Gifts,8414.0,Personal entertainment,Yes,-1.276746456192349,
Client Meeting,Gifts,52319.0,Bought an expensive watch for fun,Yes,1.4128102430074896,
Business Trip US,Travel,11659.0,Personal entertainment,Yes,-1.0779624569006172,
Research Trip,Travel,19887.0,Transportation to event venue,No,-0.5739270959846334,
Business Trip US,Accommodation,46618.0,Stayed at the company-approved hotel,No,1.063575241478318,
Business Trip US,Travel,33495.0,Transportation to event venue,No,0.2596792714612475,
Office Party,Gifts,59955.0,Dinner with clients to discuss business,No,1.8805805414949048,
Research Trip,Travel,17744.0,Attended the keynote session,No,-0.7052041716339957,
Office Party,Gifts,59355.0,Dinner with clients to discuss business,No,1.8438254106551393,
Tech Conference,Travel,45121.0,Required for the business meeting,No,0.9718711900331031,
Office Party,Entertainment,40805.0,Transportation to event venue,No,0.7074792821923902,
Client Meeting,Accommodation,38033.0,Stayed at the company-approved hotel,No,0.5376705777126737,
Client Meeting,Accommodation,25199.0,Attended the keynote session,No,-0.24852167094990976,
Tech Conference,Travel,16602.0,Dinner with clients to discuss business,No,-0.7751614373323493,
Office Party,Gifts,36219.0,Bought luxury items,Yes,0.42654756547378275,
Office Party,Gifts,4646.0,Required for the business meeting,No,-1.507568677866076,
Research Trip,Accommodation,33303.0,Transportation to event venue,No,0.24791762959252253,
Tech Conference,Accommodation,3139.0,Stayed at the company-approved hotel,No,-1.599885314825287,
Research Trip,Travel,14132.0,Dinner with clients to discuss business,No,-0.9264700592893839,
Business Trip US,Travel,34775.0,Attended the keynote session,No,0.3380902172527472,
Tech Conference,Entertainment,39964.0,Official client gift,No,0.6559608404653189,
Tech Conference,Accommodation,12490.0,Purchased necessary research equipment,No,-1.0270566006875421,
Tech Conference,Travel,20728.0,Required for the business meeting,No,-0.5224086542575621,
Research Trip,Travel,50449.0,"Felt hungry at home, so I bought snacks",Yes,1.2982567518902206,
Client Meeting,Accommodation,15530.0,Required for the business meeting,No,-0.8408306044327304,
Research Trip,Equipment,38015.0,Stayed at the company-approved hotel,No,0.5365679237874807,
Office Party,Entertainment,5159.0,Stayed at the company-approved hotel,No,-1.4761430409980765,
Office Party,Food,43073.0,Official client gift,No,0.8464136767667036,
Client Meeting,Gifts,57252.0,Bought luxury items,Yes,1.7149986770617613,
Office Party,Gifts,58385.0,Required for the business meeting,No,1.7844046157975184,
Client Meeting,Food,40740.0,Purchased necessary research equipment,No,0.7034974763514156,
Client Meeting,Accommodation,50146.0,Transportation to event venue,No,1.279695410816139,
Research Trip,Travel,52487.0,"Felt hungry at home, so I bought snacks",Yes,1.423101679642624,
Business Trip US,Travel,55170.0,Bought luxury items,Yes,1.5874583730477752,
Research Trip,Equipment,20159.0,Attended the keynote session,No,-0.5572647700039397,
Client Meeting,Gifts,52961.0,Official client gift,No,1.4521382330060386,
Business Trip US,Travel,6825.0,Attended the keynote session,No,-1.3740862943663277,
Office Party,Gifts,23822.0,Dinner with clients to discuss business,No,-0.33287469622717153,
Research Trip,Travel,41348.0,Dinner with clients to discuss business,No,0.7407426756023779,
Research Trip,Equipment,15660.0,Official client gift,No,-0.8328669927507811,
Office Party,Food,36682.0,Official client gift,No,0.45491027477180174,
Tech Conference,Accommodation,24004.0,Dinner with clients to discuss business,No,-0.3217256398724427,
Tech Conference,Entertainment,33539.0,Bought luxury items,Yes,0.2623746477228303,
Tech Conference,Entertainment,30006.0,Official client gift,No,0.04594818562801127,
Tech Conference,Travel,46478.0,Transportation to event venue,No,1.0549990442823727,
Research Trip,Travel,20245.0,Bought an expensive watch for fun,Yes,-0.5519965345835733,
Client Meeting,Gifts,52765.0,Official client gift,No,1.4401315569317152,
Research Trip,Travel,27746.0,Attended the keynote session,No,-0.09249614053510534,
Business Trip US,Travel,17727.0,Purchased necessary research equipment,No,-0.7062455670077891,
Client Meeting,Accommodation,34520.0,Official client gift,No,0.32246928664584684,
Business Trip US,Travel,5024.0,Dinner with clients to discuss business,No,-1.4844129454370238,
Tech Conference,Travel,15835.0,Just wanted to spend the company budget,Yes,-0.8221467462558496,
Client Meeting,Accommodation,7347.0,Personal entertainment,Yes,-1.342109330535732,
Client Meeting,Accommodation,21123.0,Bought luxury items,Yes,-0.49821152645471656,
Research Trip,Equipment,27009.0,"Felt hungry at home, so I bought snacks",Yes,-0.13764369291661727,
Research Trip,Equipment,54598.0,Attended the keynote session,No,1.5524184816471989,
Business Trip US,Travel,24234.0,Personal entertainment,No,-0.3076361730505326,
Client Meeting,Accommodation,48886.0,Stayed at the company-approved hotel,No,1.2025096360526315,
Business Trip US,Accommodation,7469.0,Stayed at the company-approved hotel,No,-1.3346357872649794,
Tech Conference,Entertainment,42227.0,Transportation to event venue,No,0.7945889422826343,
Research Trip,Travel,16856.0,Just wanted to spend the company budget,Yes,-0.7596017652768486,
Client Meeting,Accommodation,26707.0,Needed a premium car for comfort,Yes,-0.15614377543929922,
Business Trip US,Accommodation,11191.0,Purchased necessary research equipment,No,-1.1066314589556343,
Office Party,Entertainment,59408.0,Bought luxury items,Yes,1.8470721138793187,
Tech Conference,Travel,29418.0,Required for the business meeting,No,0.009928157405041108,
Office Party,Entertainment,26943.0,Just wanted to spend the company budget,Yes,-0.14168675730899147,
Client Meeting,Gifts,23411.0,Attended the keynote session,No,-0.35805196085241087,
Research Trip,Travel,23689.0,Bought an expensive watch for fun,Yes,-0.34102208356331953,
Tech Conference,Entertainment,49006.0,Transportation to event venue,No,1.2098606622205845,
Research Trip,Accommodation,56725.0,Dinner with clients to discuss business,No,1.6827154204741674,
Tech Conference,Accommodation,30774.0,Bought an expensive watch for fun,Yes,0.09299475310291108,
Office Party,Gifts,14067.0,Transportation to event venue,No,-0.9304518651303585,
Tech Conference,Travel,13344.0,Stayed at the company-approved hotel,No,-0.9747417977922759,
Research Trip,Equipment,52341.0,Official client gift,No,1.414157931138281,
Office Party,Gifts,33462.0,Transportation to event venue,No,0.2576577392650604,
Research Trip,Accommodation,17493.0,Dinner with clients to discuss business,No,-0.7205800680352976,
Office Party,Food,34977.0,Attended the keynote session,No,0.3504644446354682,
Business Trip US,Travel,25072.0,Official client gift,No,-0.25630150697766013,
Research Trip,Accommodation,25273.0,Dinner with clients to discuss business,No,-0.2439885381463387,
Client Meeting,Food,25517.0,Official client gift,No,-0.22904145160483408,
Office Party,Food,5096.0,Attended the keynote session,No,-1.480002329736252,
Tech Conference,Entertainment,47278.0,Attended the keynote session,No,1.10400588540206,
Office Party,Food,51996.0,Dinner with clients to discuss business,No,1.3930237309054159,
Office Party,Entertainment,27308.0,Stayed at the company-approved hotel,No,-0.11932738604813413,
Tech Conference,Travel,55024.0,"Felt hungry at home, so I bought snacks",Yes,1.5785146245434323,
Client Meeting,Food,35664.0,Transportation to event venue,No,0.3925490694469997,
Business Trip US,Travel,17517.0,Stayed at the company-approved hotel,No,-0.7191098628017071,
Research Trip,Equipment,2173.0,Attended the keynote session,No,-1.6590610754773094,
Business Trip US,Accommodation,39110.0,Just wanted to spend the company budget,Yes,0.6036460375700528,
Business Trip US,Travel,4602.0,Stayed at the company-approved hotel,No,-1.5102640541276589,
Client Meeting,Food,34997.0,Required for the business meeting,No,0.3516896156634604,
Office Party,Gifts,53653.0,Official client gift,No,1.4945291505745681,
Office Party,Gifts,53028.0,Bought an expensive watch for fun,Yes,1.4562425559498124,
Client Meeting,Food,37139.0,Purchased necessary research equipment,No,0.4829054327614231,
Tech Conference,Accommodation,53474.0,Stayed at the company-approved hotel,No,1.483563869874038,
Business Trip US,Food,2787.0,Purchased necessary research equipment,No,-1.6214483249179494,
Business Trip US,Accommodation,5593.0,Official client gift,No,-1.4495568296906463,
Tech Conference,Accommodation,22995.0,Official client gift,No,-0.38353551823464826,
Client Meeting,Accommodation,10569.0,Transportation to event venue,No,-1.1447342779261913,
Office Party,Entertainment,4134.0,Stayed at the company-approved hotel,No,-1.538933056182676,
Business Trip US,Accommodation,45198.0,Dinner with clients to discuss business,No,0.976588098490873,
Office Party,Entertainment,56816.0,Attended the keynote session,No,1.6882899486515317,
Tech Conference,Entertainment,16625.0,Needed a premium car for comfort,Yes,-0.7737524906501584,
Research Trip,Travel,23067.0,Dinner with clients to discuss business,No,-0.37912490253387643,
Office Party,Gifts,3275.0,Transportation to event venue,No,-1.59155415183494,
Client Meeting,Food,33981.0,Attended the keynote session,No,0.2894509274414575,
Office Party,Food,35773.0,Purchased necessary research equipment,No,0.39922625154955704,
Office Party,Food,11525.0,Stayed at the company-approved hotel,No,-1.0861711027881649,
Research Trip,Travel,42549.0,Bought luxury items,Yes,0.8143141958333084,
Office Party,Food,8214.0,Needed a premium car for comfort,Yes,-1.2889981664722707,
Research Trip,Accommodation,48889.0,Stayed at the company-approved hotel,No,1.2026934117068302,
Office Party,Food,30179.0,Purchased necessary research equipment,No,0.05654591502014365,
Client Meeting,Accommodation,13716.0,Transportation to event venue,No,-0.9519536166716213,
Research Trip,Equipment,11188.0,Purchased necessary research equipment,No,-1.1068152346098332,
Tech Conference,Travel,53191.0,Attended the keynote session,No,1.4662276998279486,
Office Party,Entertainment,39470.0,Just wanted to spend the company budget,Yes,0.6256991160739119,
Office Party,Food,33299.0,Purchased necessary research equipment,No,0.2476725953869241,
Tech Conference,Entertainment,58990.0,Stayed at the company-approved hotel,No,1.821466039394282,
Client Meeting,Food,30747.0,Dinner with clients to discuss business,No,0.09134077221512163,
Client Meeting,Food,38700.0,Needed a premium car for comfort,Yes,0.578530031496213,
Office Party,Food,50953.0,Bought luxury items,Yes,1.3291310617956236,
Business Trip US,Travel,27507.0,Bought an expensive watch for fun,Yes,-0.10713693431961192,
Tech Conference,Accommodation,13474.0,Transportation to event venue,No,-0.9667781861103267,
Research Trip,Travel,2268.0,Transportation to event venue,No,-1.6532415130943465,
Tech Conference,Accommodation,58524.0,Dinner with clients to discuss business,No,1.7929195544420642,
Client Meeting,Accommodation,57032.0,Required for the business meeting,No,1.7015217957538473,
Office Party,Entertainment,13921.0,Purchased necessary research equipment,No,-0.9393956136347015,
Client Meeting,Gifts,30307.0,Official client gift,No,0.06438700959929362,
Office Party,Gifts,15411.0,Official client gift,No,-0.8481203720492838,
Office Party,Food,56370.0,Stayed at the company-approved hotel,No,1.660968634727306,
Business Trip US,Travel,5820.0,Transportation to event venue,No,-1.435651138522935,
Client Meeting,Gifts,2956.0,Purchased necessary research equipment,No,-1.6110956297314154,
Research Trip,Accommodation,36892.0,Bought an expensive watch for fun,Yes,0.4677745705657197,
Business Trip US,Travel,25649.0,Attended the keynote session,No,-0.22095532282008568,
Research Trip,Travel,27105.0,Stayed at the company-approved hotel,No,-0.13176287198225478,
Business Trip US,Travel,20186.0,Official client gift,No,-0.5556107891161502,
Business Trip US,Accommodation,22831.0,Transportation to event venue,No,-0.3935819206641842,
Client Meeting,Gifts,44252.0,Stayed at the company-approved hotel,No,0.9186375088668428,
Business Trip US,Accommodation,35988.0,Stayed at the company-approved hotel,No,0.412396840100473,
Tech Conference,Entertainment,15577.0,Transportation to event venue,No,-0.8379514525169487,
Research Trip,Equipment,43381.0,Purchased necessary research equipment,No,0.8652813105977832,
Client Meeting,Gifts,32787.0,Dinner with clients to discuss business,No,0.21630821707032424,
Client Meeting,Accommodation,11483.0,Stayed at the company-approved hotel,No,-1.0887439619469486,
Office Party,Gifts,3624.0,Bought an expensive watch for fun,Yes,-1.5701749173964765,
Client Meeting,Food,51615.0,Needed a premium car for comfort,Yes,1.3696842228221648,
Client Meeting,Food,25110.0,"Felt hungry at home, so I bought snacks",Yes,-0.25397368202447496,
Client Meeting,Food,13608.0,Personal entertainment,Yes,-0.9585695402227791,
Business Trip US,Accommodation,21536.0,Official client gift,No,-0.47291174472667796,
Tech Conference,Travel,21790.0,Stayed at the company-approved hotel,No,-0.4573520726711773,
Client Meeting,Gifts,26610.0,Required for the business meeting,No,-0.1620858549250613,
Research Trip,Accommodation,30806.0,Stayed at the company-approved hotel,No,0.09495502674769857,
Tech Conference,Travel,35126.0,Transportation to event venue,No,0.35959196879400995,
Research Trip,Equipment,31673.0,Dinner with clients to discuss business,No,0.14806619081115968,
Research Trip,Accommodation,30479.0,Required for the business meeting,No,0.07492348044002639,
Client Meeting,Gifts,15213.0,Required for the business meeting,No,-0.8602495652264065,
Tech Conference,Entertainment,12457.0,Attended the keynote session,No,-1.0290781328837293,
Office Party,Food,17019.0,Required for the business meeting,No,-0.7496166213987123,
Office Party,Gifts,50754.0,Purchased necessary research equipment,No,1.3169406100671013,
Client Meeting,Food,22157.0,Official client gift,No,-0.4348701843075207,
Client Meeting,Accommodation,43853.0,Required for the business meeting,No,0.8941953468583987,
Business Trip US,Food,31282.0,Official client gift,No,0.1241140972139125,
Office Party,Food,53596.0,Purchased necessary research equipment,No,1.4910374131447903,
Tech Conference,Accommodation,51202.0,Stayed at the company-approved hotel,No,1.3443844410941261,
Office Party,Entertainment,15697.0,Purchased necessary research equipment,No,-0.8306004263489957,
Tech Conference,Entertainment,51851.0,Transportation to event venue,No,1.3841412409524725,
Office Party,Gifts,40190.0,Attended the keynote session,No,0.6698052730816305,
Client Meeting,Gifts,48022.0,Stayed at the company-approved hotel,No,1.1495822476433692,
Client Meeting,Food,42175.0,Purchased necessary research equipment,No,0.7914034976098546,
Tech Conference,Accommodation,54220.0,Required for the business meeting,No,1.5292627492181465,
Client Meeting,Gifts,9892.0,Stayed at the company-approved hotel,No,-1.1862063172237265,
Office Party,Gifts,24554.0,Transportation to event venue,No,-0.2880334366026577,
Research Trip,Equipment,25069.0,Just wanted to spend the company budget,Yes,-0.25648528263185894,
Tech Conference,Accommodation,32404.0,Transportation to event venue,No,0.19284619188427393,
Office Party,Entertainment,37174.0,Personal entertainment,Yes,0.48504948206040943,
Research Trip,Travel,46877.0,Dinner with clients to discuss business,No,1.0794412062908167,
Office Party,Gifts,28263.0,Just wanted to spend the company budget,Yes,-0.06082546946150742,
Business Trip US,Travel,46877.0,Dinner with clients to discuss business,No,1.0794412062908167,
Office Event, Food,5600.0, Food for the entire staff, No,-1.449128019830849,
Office Event, Food,4900.0, For staff, No,-1.4920090058105753,
